{"results":{"compress asl32.nii -6 (10 iterations)":{"level":"6","output":{"cloudflare":{"time":{"error":0.00926259744129785,"mean":3.54615459999999},"output_size":{"error":0,"mean":16457809}},"ng-compat":{"time":{"mean":5.63877500000001,"error":0.0859934097655167},"output_size":{"error":0,"mean":16487807}},"baseline":{"time":{"mean":7.4587754,"error":0.132284272164772},"output_size":{"mean":16489640,"error":0}},"ng":{"time":{"mean":5.71598619999998,"error":0.0638883296748404},"output_size":{"error":0,"mean":16487807}}},"input":{"size":38142304}},"compress asl16.nii -6 (10 iterations)":{"level":"6","output":{"cloudflare":{"time":{"error":0.0787154599351467,"mean":6.478562},"output_size":{"mean":10232318,"error":0}},"ng-compat":{"time":{"error":0.130198867064349,"mean":7.4001668},"output_size":{"mean":10314881,"error":0}},"ng":{"time":{"mean":7.3413576,"error":0.0750559919903916},"output_size":{"mean":10314881,"error":0}},"baseline":{"time":{"error":0.179690124680424,"mean":13.8365156},"output_size":{"mean":10405531,"error":0}}},"input":{"size":19071328}},"decompress asl16.nii (20 iterations)":{"output":{"baseline":{"time":{"mean":2.12155960000002,"error":0.00157846401923223},"output_size":{"error":0,"mean":0}},"ng":{"time":{"mean":1.76896940000001,"error":0.000236527926465324},"output_size":{"error":0,"mean":0}},"cloudflare":{"time":{"error":0.00135110582114114,"mean":1.88688019999998},"output_size":{"mean":0,"error":0}},"ng-compat":{"output_size":{"error":0,"mean":0},"time":{"mean":1.74451879999999,"error":0.000735062813720141}}},"level":"0"},"decompress asl32.nii (20 iterations)":{"level":"0","output":{"ng-compat":{"output_size":{"mean":0,"error":0},"time":{"error":0.000743026109791695,"mean":1.79385799999998}},"cloudflare":{"time":{"mean":1.8509626,"error":0.00116006554125675},"output_size":{"mean":0,"error":0}},"baseline":{"output_size":{"error":0,"mean":0},"time":{"mean":2.3134898,"error":0.001733993985091}},"ng":{"output_size":{"mean":0,"error":0},"time":{"error":0.000580221543838517,"mean":1.76935079999998}}}}},"versions":[{"commit":"50893291621658f355bc5b4d450a8d06a563053d\n","id":"baseline"},{"commit":"aa1deeab86b70b75f9940b203c3226a39e60fa84\n","id":"cloudflare"},{"commit":"550f98395c8677ae9b08ec39433f5137e5cea2c8\n","id":"ng-compat"},{"commit":"550f98395c8677ae9b08ec39433f5137e5cea2c8\n","id":"ng"}]}